<?xml version="1.0" encoding="UTF-8" standalone="yes"?>
<app version="1">
  <name>WIIU USB Helper Transfer Tool</name>
  <coder>Hikari06</coder>
  <version>0.11</version>
  <release_date>021420181849</release_date>
  <short_description>Transfer games downloaded from WIIU U USB Helper</short_description>
  <long_description>WIIU USB Helper Transfer Tool is a mod of both FTPIIU everywhere and WUP Installer.
  It enables you to receive games downloaded with WII U USB Helper and install them  right away.
  The FTPIIU server has been improved and allows for better transfer speed.
  </long_description>
  <category>tool</category>
   <url>https://github.com/Kazegaya/usb_transfer_tool</url>
</app>
